{
  "protocol": "701515",
  "input_dim": 2000,
  "hidden_dims": [
    1024,
    516,
    256,
    128,
    64,
    32,
    16
  ],
  "activation": "gelu",
  "mse": 258463597.66935524,
  "mae": 12146.485839581514,
  "r2": 0.7879763642124921,
  "best_val": 0.2173050343990326
}