{
  "protocol": "801010",
  "input_dim": 2000,
  "hidden_dims": [
    1024,
    516,
    256,
    128,
    64,
    32,
    16
  ],
  "activation": "gelu",
  "mse": 260944623.94187614,
  "mae": 12231.246190526515,
  "r2": 0.7893551579017539,
  "best_val": 0.21939364075660706
}